{
  "bindings": [
    {
      "authLevel": "anonymous",
      "name": "req",
      "type": "httpTrigger",
      "direction": "in",
      "methods": [
        "post",
        "get",
        "delete",
        "put"
      ],
      "route": "subscriptions/{subscriptionId}/resourcegroups/{resourceGroupName}/providers/Microsoft.CustomProviders/resourceproviders/{minirpname}/{action}/{name}"
    },
    {
      "name": "$return",
      "type": "http",
      "direction": "out"
    },
    {
      "type": "blob",
      "name": "outstorageBlob",
      "path": "storecontainer/datastore",
      "connection": "AzureWebJobsStorage",
      "direction": "out"
    },
    {
      "type": "blob",
      "name": "instorageBlob",
      "path": "storecontainer/datastore",
      "connection": "AzureWebJobsStorage",
      "direction": "in"
    }
  ]
}